Time;User full name;Action;Information
17.12.2013 15:33;507245;resource view (https://www.isis.tu-berlin.de/2.0/mod/resource/view.php?id=33434);Homework 7
17.12.2013 15:28;393650;resource view (https://www.isis.tu-berlin.de/2.0/mod/resource/view.php?id=31827);Exercise 7
17.12.2013 15:28;746018;course view (https://www.isis.tu-berlin.de/2.0/course/view.php?id=661);[WiSe 13/14] Sprachkommunikation 
17.12.2013 15:27;393650;resource view (https://www.isis.tu-berlin.de/2.0/mod/resource/view.php?id=33434);Homework 7
17.12.2013 15:27;393650;course view (https://www.isis.tu-berlin.de/2.0/course/view.php?id=661);[WiSe 13/14] Sprachkommunikation 
17.12.2013 15:27;746018;resource view (https://www.isis.tu-berlin.de/2.0/mod/resource/view.php?id=33385);Slides from the Lecture Chapter 7 (part2)
17.12.2013 15:26;746018;resource view (https://www.isis.tu-berlin.de/2.0/mod/resource/view.php?id=27672);Slides from the lecture chapter 4
17.12.2013 15:26;507245;resource view (https://www.isis.tu-berlin.de/2.0/mod/resource/view.php?id=33435);Material for homework 7
17.12.2013 15:26;507245;course view (https://www.isis.tu-berlin.de/2.0/course/view.php?id=661);[WiSe 13/14] Sprachkommunikation 
17.12.2013 15:26;507245;resource view (https://www.isis.tu-berlin.de/2.0/mod/resource/view.php?id=33434);Homework 7
17.12.2013 15:26;507245;course view (https://www.isis.tu-berlin.de/2.0/course/view.php?id=661);[WiSe 13/14] Sprachkommunikation 
17.12.2013 15:25;507245;resource view (https://www.isis.tu-berlin.de/2.0/mod/resource/view.php?id=33434);Homework 7
17.12.2013 15:22;251814;course view (https://www.isis.tu-berlin.de/2.0/course/view.php?id=661);[WiSe 13/14] Sprachkommunikation 
17.12.2013 15:17;393650;assign view (https://www.isis.tu-berlin.de/2.0/mod/assign/view.php?id=31523);View own submission status page.
17.12.2013 15:14;786144;course view (https://www.isis.tu-berlin.de/2.0/course/view.php?id=661);[WiSe 13/14] Sprachkommunikation 
17.12.2013 15:13;932187;resource view (https://www.isis.tu-berlin.de/2.0/mod/resource/view.php?id=33434);Homework 7
17.12.2013 15:13;932187;course view (https://www.isis.tu-berlin.de/2.0/course/view.php?id=661);[WiSe 13/14] Sprachkommunikation 
17.12.2013 15:12;639378;course view (https://www.isis.tu-berlin.de/2.0/course/view.php?id=661);[WiSe 13/14] Sprachkommunikation 
17.12.2013 15:12;967490;course view (https://www.isis.tu-berlin.de/2.0/course/view.php?id=661);[WiSe 13/14] Sprachkommunikation 
17.12.2013 15:10;488207;course view (https://www.isis.tu-berlin.de/2.0/course/view.php?id=661);[WiSe 13/14] Sprachkommunikation 
17.12.2013 15:07;869143;resource view (https://www.isis.tu-berlin.de/2.0/mod/resource/view.php?id=33434);Homework 7
17.12.2013 15:07;869143;course view (https://www.isis.tu-berlin.de/2.0/course/view.php?id=661);[WiSe 13/14] Sprachkommunikation 
17.12.2013 15:07;507245;course view (https://www.isis.tu-berlin.de/2.0/course/view.php?id=661);[WiSe 13/14] Sprachkommunikation 
17.12.2013 15:05;983015;course view (https://www.isis.tu-berlin.de/2.0/course/view.php?id=661);[WiSe 13/14] Sprachkommunikation 
17.12.2013 14:58;768011;resource view (https://www.isis.tu-berlin.de/2.0/mod/resource/view.php?id=33435);Material for homework 7
17.12.2013 14:58;768011;course view (https://www.isis.tu-berlin.de/2.0/course/view.php?id=661);[WiSe 13/14] Sprachkommunikation 
17.12.2013 14:57;786144;resource view (https://www.isis.tu-berlin.de/2.0/mod/resource/view.php?id=33435);Material for homework 7
17.12.2013 14:50;983015;resource view (https://www.isis.tu-berlin.de/2.0/mod/resource/view.php?id=15993);Vorlesungsfolien Kapitel 7 (Teil 1)
17.12.2013 14:50;604640;resource view (https://www.isis.tu-berlin.de/2.0/mod/resource/view.php?id=33385);Slides from the Lecture Chapter 7 (part2)
17.12.2013 14:50;604640;course view (https://www.isis.tu-berlin.de/2.0/course/view.php?id=661);[WiSe 13/14] Sprachkommunikation 
17.12.2013 14:44;604640;resource view (https://www.isis.tu-berlin.de/2.0/mod/resource/view.php?id=33434);Homework 7
17.12.2013 14:44;604640;course view (https://www.isis.tu-berlin.de/2.0/course/view.php?id=661);[WiSe 13/14] Sprachkommunikation 
17.12.2013 14:33;942703;course view (https://www.isis.tu-berlin.de/2.0/course/view.php?id=661);[WiSe 13/14] Sprachkommunikation 
17.12.2013 14:32;251814;resource view (https://www.isis.tu-berlin.de/2.0/mod/resource/view.php?id=33434);Homework 7
17.12.2013 14:32;251814;resource view (https://www.isis.tu-berlin.de/2.0/mod/resource/view.php?id=31827);Exercise 7
17.12.2013 14:32;154148;course view (https://www.isis.tu-berlin.de/2.0/course/view.php?id=661);[WiSe 13/14] Sprachkommunikation 
17.12.2013 14:32;154148;resource view (https://www.isis.tu-berlin.de/2.0/mod/resource/view.php?id=30949);Vorlesungsfolien Kapitel 6 (Teil 2)
17.12.2013 14:32;154148;course view (https://www.isis.tu-berlin.de/2.0/course/view.php?id=661);[WiSe 13/14] Sprachkommunikation 
17.12.2013 14:32;251814;course view (https://www.isis.tu-berlin.de/2.0/course/view.php?id=661);[WiSe 13/14] Sprachkommunikation 
17.12.2013 14:32;154148;resource view (https://www.isis.tu-berlin.de/2.0/mod/resource/view.php?id=32307);Vorlesungsfolien Kapitel 6 (Teil 3)
17.12.2013 14:31;154148;course view (https://www.isis.tu-berlin.de/2.0/course/view.php?id=661);[WiSe 13/14] Sprachkommunikation 
17.12.2013 14:31;154148;resource view (https://www.isis.tu-berlin.de/2.0/mod/resource/view.php?id=15993);Vorlesungsfolien Kapitel 7 (Teil 1)
17.12.2013 14:31;154148;course view (https://www.isis.tu-berlin.de/2.0/course/view.php?id=661);[WiSe 13/14] Sprachkommunikation 
17.12.2013 14:31;154148;resource view (https://www.isis.tu-berlin.de/2.0/mod/resource/view.php?id=15993);Vorlesungsfolien Kapitel 7 (Teil 1)
17.12.2013 14:31;154148;resource view (https://www.isis.tu-berlin.de/2.0/mod/resource/view.php?id=33435);Material for homework 7
17.12.2013 14:31;154148;course view (https://www.isis.tu-berlin.de/2.0/course/view.php?id=661);[WiSe 13/14] Sprachkommunikation 
17.12.2013 14:30;746018;course view (https://www.isis.tu-berlin.de/2.0/course/view.php?id=661);[WiSe 13/14] Sprachkommunikation 
17.12.2013 14:30;568514;resource view (https://www.isis.tu-berlin.de/2.0/mod/resource/view.php?id=33434);Homework 7
17.12.2013 14:30;154148;resource view (https://www.isis.tu-berlin.de/2.0/mod/resource/view.php?id=33434);Homework 7
17.12.2013 14:29;154148;course view (https://www.isis.tu-berlin.de/2.0/course/view.php?id=661);[WiSe 13/14] Sprachkommunikation 
17.12.2013 14:29;268318;course view (https://www.isis.tu-berlin.de/2.0/course/view.php?id=661);[WiSe 13/14] Sprachkommunikation 
17.12.2013 14:25;746018;resource view (https://www.isis.tu-berlin.de/2.0/mod/resource/view.php?id=33435);Material for homework 7
17.12.2013 14:25;746018;resource view (https://www.isis.tu-berlin.de/2.0/mod/resource/view.php?id=33434);Homework 7
17.12.2013 14:25;746018;course view (https://www.isis.tu-berlin.de/2.0/course/view.php?id=661);[WiSe 13/14] Sprachkommunikation 
17.12.2013 14:24;786144;resource view (https://www.isis.tu-berlin.de/2.0/mod/resource/view.php?id=31828);Material for exercise 7
17.12.2013 14:23;786144;resource view (https://www.isis.tu-berlin.de/2.0/mod/resource/view.php?id=31827);Exercise 7
17.12.2013 14:23;711945;resource view (https://www.isis.tu-berlin.de/2.0/mod/resource/view.php?id=31827);Exercise 7
17.12.2013 14:23;786144;resource view (https://www.isis.tu-berlin.de/2.0/mod/resource/view.php?id=33435);Material for homework 7
17.12.2013 14:22;786144;resource view (https://www.isis.tu-berlin.de/2.0/mod/resource/view.php?id=33434);Homework 7
17.12.2013 14:21;869143;resource view (https://www.isis.tu-berlin.de/2.0/mod/resource/view.php?id=31828);Material for exercise 7
17.12.2013 14:20;869143;resource view (https://www.isis.tu-berlin.de/2.0/mod/resource/view.php?id=31827);Exercise 7
17.12.2013 14:20;865280;course view (https://www.isis.tu-berlin.de/2.0/course/view.php?id=661);[WiSe 13/14] Sprachkommunikation 
17.12.2013 14:19;209217;course view (https://www.isis.tu-berlin.de/2.0/course/view.php?id=661);[WiSe 13/14] Sprachkommunikation 
17.12.2013 14:18;209217;assign view (https://www.isis.tu-berlin.de/2.0/mod/assign/view.php?id=31523);View own submission status page.
17.12.2013 14:18;209217;course view (https://www.isis.tu-berlin.de/2.0/course/view.php?id=661);[WiSe 13/14] Sprachkommunikation 
17.12.2013 14:18;906965;course view (https://www.isis.tu-berlin.de/2.0/course/view.php?id=661);[WiSe 13/14] Sprachkommunikation 
17.12.2013 14:17;906965;course view (https://www.isis.tu-berlin.de/2.0/course/view.php?id=661);[WiSe 13/14] Sprachkommunikation 
17.12.2013 14:17;568514;resource view (https://www.isis.tu-berlin.de/2.0/mod/resource/view.php?id=31827);Exercise 7
17.12.2013 14:17;209217;assign view (https://www.isis.tu-berlin.de/2.0/mod/assign/view.php?id=31523);View own submission status page.
17.12.2013 14:16;209217;assign submit (https://www.isis.tu-berlin.de/2.0/mod/assign/view.php?id=31523);Submission status: Submitted for grading. The number of file(s) : 1 file(s).
17.12.2013 14:16;209217;assign view submit assignment form (https://www.isis.tu-berlin.de/2.0/mod/assign/view.php?id=31523);View own submit assignment page.
17.12.2013 14:16;639378;course view (https://www.isis.tu-berlin.de/2.0/course/view.php?id=661);[WiSe 13/14] Sprachkommunikation 
17.12.2013 14:15;568514;course view (https://www.isis.tu-berlin.de/2.0/course/view.php?id=661);[WiSe 13/14] Sprachkommunikation 
17.12.2013 14:15;711945;resource view (https://www.isis.tu-berlin.de/2.0/mod/resource/view.php?id=33434);Homework 7
17.12.2013 14:15;711945;course view (https://www.isis.tu-berlin.de/2.0/course/view.php?id=661);[WiSe 13/14] Sprachkommunikation 
17.12.2013 14:15;983015;resource view (https://www.isis.tu-berlin.de/2.0/mod/resource/view.php?id=31827);Exercise 7
17.12.2013 14:14;196354;resource view (https://www.isis.tu-berlin.de/2.0/mod/resource/view.php?id=31828);Material for exercise 7
17.12.2013 14:14;209217;assign view (https://www.isis.tu-berlin.de/2.0/mod/assign/view.php?id=31523);View own submission status page.
17.12.2013 14:14;209217;assign submit (https://www.isis.tu-berlin.de/2.0/mod/assign/view.php?id=31523);Submission status: Submitted for grading. The number of file(s) : 1 file(s).
17.12.2013 14:14;196354;resource view (https://www.isis.tu-berlin.de/2.0/mod/resource/view.php?id=31827);Exercise 7
17.12.2013 14:14;268318;assign submit (https://www.isis.tu-berlin.de/2.0/mod/assign/view.php?id=31523);Submission status: Submitted for grading. The number of file(s) : 1 file(s).
17.12.2013 14:14;268318;assign view (https://www.isis.tu-berlin.de/2.0/mod/assign/view.php?id=31523);View own submission status page.
17.12.2013 14:14;196354;course view (https://www.isis.tu-berlin.de/2.0/course/view.php?id=661);[WiSe 13/14] Sprachkommunikation 
17.12.2013 14:13;268318;assign view submit assignment form (https://www.isis.tu-berlin.de/2.0/mod/assign/view.php?id=31523);View own submit assignment page.
17.12.2013 14:13;967490;course view (https://www.isis.tu-berlin.de/2.0/course/view.php?id=661);[WiSe 13/14] Sprachkommunikation 
17.12.2013 14:13;196354;resource view (https://www.isis.tu-berlin.de/2.0/mod/resource/view.php?id=31827);Exercise 7
17.12.2013 14:13;268318;assign view submit assignment form (https://www.isis.tu-berlin.de/2.0/mod/assign/view.php?id=31523);View own submit assignment page.
17.12.2013 14:13;209217;assign view submit assignment form (https://www.isis.tu-berlin.de/2.0/mod/assign/view.php?id=31523);View own submit assignment page.
17.12.2013 14:13;209217;assign view (https://www.isis.tu-berlin.de/2.0/mod/assign/view.php?id=31523);View own submission status page.
17.12.2013 14:13;983015;course view (https://www.isis.tu-berlin.de/2.0/course/view.php?id=661);[WiSe 13/14] Sprachkommunikation 
17.12.2013 14:13;865280;resource view (https://www.isis.tu-berlin.de/2.0/mod/resource/view.php?id=31828);Material for exercise 7
17.12.2013 14:13;865280;resource view (https://www.isis.tu-berlin.de/2.0/mod/resource/view.php?id=31827);Exercise 7
17.12.2013 14:13;983015;resource view (https://www.isis.tu-berlin.de/2.0/mod/resource/view.php?id=31827);Exercise 7
17.12.2013 14:12;209217;course view (https://www.isis.tu-berlin.de/2.0/course/view.php?id=661);[WiSe 13/14] Sprachkommunikation 
17.12.2013 14:12;865280;course view (https://www.isis.tu-berlin.de/2.0/course/view.php?id=661);[WiSe 13/14] Sprachkommunikation 
17.12.2013 14:12;268318;assign view (https://www.isis.tu-berlin.de/2.0/mod/assign/view.php?id=31523);View own submission status page.
17.12.2013 14:12;268318;course view (https://www.isis.tu-berlin.de/2.0/course/view.php?id=661);[WiSe 13/14] Sprachkommunikation 
17.12.2013 14:11;983015;resource view (https://www.isis.tu-berlin.de/2.0/mod/resource/view.php?id=33435);Material for homework 7
17.12.2013 14:11;983015;resource view (https://www.isis.tu-berlin.de/2.0/mod/resource/view.php?id=33434);Homework 7
17.12.2013 14:11;639378;resource view (https://www.isis.tu-berlin.de/2.0/mod/resource/view.php?id=33434);Homework 7
17.12.2013 14:11;786144;course view (https://www.isis.tu-berlin.de/2.0/course/view.php?id=661);[WiSe 13/14] Sprachkommunikation 
17.12.2013 14:11;983015;course view (https://www.isis.tu-berlin.de/2.0/course/view.php?id=661);[WiSe 13/14] Sprachkommunikation 
17.12.2013 14:11;639378;resource view (https://www.isis.tu-berlin.de/2.0/mod/resource/view.php?id=33435);Material for homework 7
17.12.2013 14:10;639378;course view (https://www.isis.tu-berlin.de/2.0/course/view.php?id=661);[WiSe 13/14] Sprachkommunikation 
17.12.2013 14:10;786144;assign submit (https://www.isis.tu-berlin.de/2.0/mod/assign/view.php?id=31523);Submission status: Submitted for grading. The number of file(s) : 1 file(s).
17.12.2013 14:10;196354;resource view (https://www.isis.tu-berlin.de/2.0/mod/resource/view.php?id=33435);Material for homework 7
17.12.2013 14:10;786144;assign view (https://www.isis.tu-berlin.de/2.0/mod/assign/view.php?id=31523);View own submission status page.
17.12.2013 14:10;746018;assign view (https://www.isis.tu-berlin.de/2.0/mod/assign/view.php?id=31523);View own submission status page.
17.12.2013 14:10;746018;assign submit (https://www.isis.tu-berlin.de/2.0/mod/assign/view.php?id=31523);Submission status: Submitted for grading. The number of file(s) : 1 file(s).
17.12.2013 14:10;786144;assign view submit assignment form (https://www.isis.tu-berlin.de/2.0/mod/assign/view.php?id=31523);View own submit assignment page.
17.12.2013 14:10;786144;assign view (https://www.isis.tu-berlin.de/2.0/mod/assign/view.php?id=31523);View own submission status page.
17.12.2013 14:10;746018;assign view submit assignment form (https://www.isis.tu-berlin.de/2.0/mod/assign/view.php?id=31523);View own submit assignment page.
17.12.2013 14:10;639378;hotpot view (https://www.isis.tu-berlin.de/2.0/mod/hotpot/view.php?id=32533);Midterm Exam (One Try Only!)
17.12.2013 14:10;746018;assign view (https://www.isis.tu-berlin.de/2.0/mod/assign/view.php?id=31523);View own submission status page.
17.12.2013 14:10;196354;resource view (https://www.isis.tu-berlin.de/2.0/mod/resource/view.php?id=33434);Homework 7
17.12.2013 14:09;746018;course view (https://www.isis.tu-berlin.de/2.0/course/view.php?id=661);[WiSe 13/14] Sprachkommunikation 
17.12.2013 14:09;746018;course view (https://www.isis.tu-berlin.de/2.0/course/view.php?id=661);[WiSe 13/14] Sprachkommunikation 
17.12.2013 14:09;196354;course view (https://www.isis.tu-berlin.de/2.0/course/view.php?id=661);[WiSe 13/14] Sprachkommunikation 
17.12.2013 14:09;196354;resource view (https://www.isis.tu-berlin.de/2.0/mod/resource/view.php?id=33434);Homework 7
17.12.2013 14:09;196354;course view (https://www.isis.tu-berlin.de/2.0/course/view.php?id=661);[WiSe 13/14] Sprachkommunikation 
17.12.2013 14:09;639378;course view (https://www.isis.tu-berlin.de/2.0/course/view.php?id=661);[WiSe 13/14] Sprachkommunikation 
17.12.2013 14:07;801650;resource view (https://www.isis.tu-berlin.de/2.0/mod/resource/view.php?id=33435);Material for homework 7
17.12.2013 14:06;829473;resource view (https://www.isis.tu-berlin.de/2.0/mod/resource/view.php?id=31827);Exercise 7
17.12.2013 14:06;801650;resource view (https://www.isis.tu-berlin.de/2.0/mod/resource/view.php?id=33434);Homework 7
17.12.2013 14:06;829473;course view (https://www.isis.tu-berlin.de/2.0/course/view.php?id=661);[WiSe 13/14] Sprachkommunikation 
17.12.2013 14:06;829473;resource view (https://www.isis.tu-berlin.de/2.0/mod/resource/view.php?id=15993);Vorlesungsfolien Kapitel 7 (Teil 1)
17.12.2013 14:06;869143;course view (https://www.isis.tu-berlin.de/2.0/course/view.php?id=661);[WiSe 13/14] Sprachkommunikation 
17.12.2013 14:05;829473;course view (https://www.isis.tu-berlin.de/2.0/course/view.php?id=661);[WiSe 13/14] Sprachkommunikation 
17.12.2013 14:05;829473;resource view (https://www.isis.tu-berlin.de/2.0/mod/resource/view.php?id=33434);Homework 7
17.12.2013 14:05;268318;resource view (https://www.isis.tu-berlin.de/2.0/mod/resource/view.php?id=29856);Script for the Lecture Speech Communication (english)
17.12.2013 14:05;268318;course view (https://www.isis.tu-berlin.de/2.0/course/view.php?id=661);[WiSe 13/14] Sprachkommunikation 
17.12.2013 14:05;869143;assign view all (https://www.isis.tu-berlin.de/2.0/mod/assign/index.php?id=%24course-%3Eid);
17.12.2013 14:05;829473;course view (https://www.isis.tu-berlin.de/2.0/course/view.php?id=661);[WiSe 13/14] Sprachkommunikation 
17.12.2013 14:02;869143;resource view (https://www.isis.tu-berlin.de/2.0/mod/resource/view.php?id=33434);Homework 7
17.12.2013 14:01;869143;resource view (https://www.isis.tu-berlin.de/2.0/mod/resource/view.php?id=33435);Material for homework 7
17.12.2013 14:01;869143;course view (https://www.isis.tu-berlin.de/2.0/course/view.php?id=661);[WiSe 13/14] Sprachkommunikation 
17.12.2013 14:01;154148;assign view (https://www.isis.tu-berlin.de/2.0/mod/assign/view.php?id=31523);View own submission status page.
17.12.2013 13:59;154148;course view (https://www.isis.tu-berlin.de/2.0/course/view.php?id=661);[WiSe 13/14] Sprachkommunikation 
17.12.2013 13:59;378654;course view (https://www.isis.tu-berlin.de/2.0/course/view.php?id=661);[WiSe 13/14] Sprachkommunikation 
17.12.2013 13:59;378654;user view all (https://www.isis.tu-berlin.de/2.0/user/index.php?id=661);
17.12.2013 13:59;378654;course view (https://www.isis.tu-berlin.de/2.0/course/view.php?id=661);[WiSe 13/14] Sprachkommunikation 
17.12.2013 13:59;942703;course view (https://www.isis.tu-berlin.de/2.0/course/view.php?id=661);[WiSe 13/14] Sprachkommunikation 
17.12.2013 13:58;768011;resource view (https://www.isis.tu-berlin.de/2.0/mod/resource/view.php?id=31828);Material for exercise 7
17.12.2013 13:58;786144;resource view (https://www.isis.tu-berlin.de/2.0/mod/resource/view.php?id=16002);Vorlesungsfolien Kapitel 6 (Teil 1)
17.12.2013 13:58;942703;resource view (https://www.isis.tu-berlin.de/2.0/mod/resource/view.php?id=31827);Exercise 7
17.12.2013 13:58;786144;resource view (https://www.isis.tu-berlin.de/2.0/mod/resource/view.php?id=30949);Vorlesungsfolien Kapitel 6 (Teil 2)
17.12.2013 13:58;768011;resource view (https://www.isis.tu-berlin.de/2.0/mod/resource/view.php?id=33434);Homework 7
17.12.2013 13:57;378654;course view (https://www.isis.tu-berlin.de/2.0/course/view.php?id=661);[WiSe 13/14] Sprachkommunikation 
17.12.2013 13:57;768011;course view (https://www.isis.tu-berlin.de/2.0/course/view.php?id=661);[WiSe 13/14] Sprachkommunikation 
17.12.2013 13:57;801650;course view (https://www.isis.tu-berlin.de/2.0/course/view.php?id=661);[WiSe 13/14] Sprachkommunikation 
17.12.2013 13:56;801650;forum view discussion (https://www.isis.tu-berlin.de/2.0/mod/forum/discuss.php?d=9617);Mid-Term Exam
17.12.2013 13:56;801650;assign view (https://www.isis.tu-berlin.de/2.0/mod/assign/view.php?id=31523);View own submission status page.
17.12.2013 13:56;801650;assign submit (https://www.isis.tu-berlin.de/2.0/mod/assign/view.php?id=31523);Submission status: Submitted for grading. The number of file(s) : 1 file(s).
17.12.2013 13:56;801650;course view (https://www.isis.tu-berlin.de/2.0/course/view.php?id=661);[WiSe 13/14] Sprachkommunikation 
17.12.2013 13:56;378654;resource view (https://www.isis.tu-berlin.de/2.0/mod/resource/view.php?id=32304);Slides from the Lecture Chapter 6 (Part 3)
17.12.2013 13:56;378654;resource view (https://www.isis.tu-berlin.de/2.0/mod/resource/view.php?id=33435);Material for homework 7
17.12.2013 13:56;801650;assign view submit assignment form (https://www.isis.tu-berlin.de/2.0/mod/assign/view.php?id=31523);View own submit assignment page.
17.12.2013 13:56;801650;assign view (https://www.isis.tu-berlin.de/2.0/mod/assign/view.php?id=31523);View own submission status page.
17.12.2013 13:55;378654;course view (https://www.isis.tu-berlin.de/2.0/course/view.php?id=661);[WiSe 13/14] Sprachkommunikation 
17.12.2013 13:54;942703;course view (https://www.isis.tu-berlin.de/2.0/course/view.php?id=661);[WiSe 13/14] Sprachkommunikation 
17.12.2013 13:54;942703;assign view (https://www.isis.tu-berlin.de/2.0/mod/assign/view.php?id=31523);View own submission status page.
17.12.2013 13:54;942703;assign submit (https://www.isis.tu-berlin.de/2.0/mod/assign/view.php?id=31523);Submission status: Submitted for grading. The number of file(s) : 1 file(s).
17.12.2013 13:53;942703;assign view submit assignment form (https://www.isis.tu-berlin.de/2.0/mod/assign/view.php?id=31523);View own submit assignment page.
17.12.2013 13:53;942703;assign view (https://www.isis.tu-berlin.de/2.0/mod/assign/view.php?id=31523);View own submission status page.
17.12.2013 13:52;942703;course view (https://www.isis.tu-berlin.de/2.0/course/view.php?id=661);[WiSe 13/14] Sprachkommunikation 
17.12.2013 13:52;268318;resource view (https://www.isis.tu-berlin.de/2.0/mod/resource/view.php?id=22071);Vorlesunsgskript Sprachkommunikation (deutsch)
17.12.2013 13:52;268318;course view (https://www.isis.tu-berlin.de/2.0/course/view.php?id=661);[WiSe 13/14] Sprachkommunikation 
17.12.2013 13:52;829473;assign view (https://www.isis.tu-berlin.de/2.0/mod/assign/view.php?id=31523);View own submission status page.
17.12.2013 13:52;829473;assign submit (https://www.isis.tu-berlin.de/2.0/mod/assign/view.php?id=31523);Submission status: Submitted for grading. The number of file(s) : 1 file(s).
17.12.2013 13:52;378654;course view (https://www.isis.tu-berlin.de/2.0/course/view.php?id=661);[WiSe 13/14] Sprachkommunikation 
17.12.2013 13:52;378654;assign view (https://www.isis.tu-berlin.de/2.0/mod/assign/view.php?id=28964);View own submission status page.
17.12.2013 13:51;378654;course view (https://www.isis.tu-berlin.de/2.0/course/view.php?id=661);[WiSe 13/14] Sprachkommunikation 
17.12.2013 13:51;378654;assign view (https://www.isis.tu-berlin.de/2.0/mod/assign/view.php?id=31523);View own submission status page.
17.12.2013 13:51;378654;assign submit (https://www.isis.tu-berlin.de/2.0/mod/assign/view.php?id=31523);Submission status: Submitted for grading. The number of file(s) : 1 file(s).
17.12.2013 13:51;829473;assign view submit assignment form (https://www.isis.tu-berlin.de/2.0/mod/assign/view.php?id=31523);View own submit assignment page.
17.12.2013 13:51;829473;assign view (https://www.isis.tu-berlin.de/2.0/mod/assign/view.php?id=31523);View own submission status page.
17.12.2013 13:50;829473;course view (https://www.isis.tu-berlin.de/2.0/course/view.php?id=661);[WiSe 13/14] Sprachkommunikation 
17.12.2013 13:46;247835;assign view (https://www.isis.tu-berlin.de/2.0/mod/assign/view.php?id=31523);View own submission status page.
17.12.2013 13:46;247835;assign submit (https://www.isis.tu-berlin.de/2.0/mod/assign/view.php?id=31523);Submission status: Submitted for grading. The number of file(s) : 1 file(s).
17.12.2013 13:46;247835;assign view submit assignment form (https://www.isis.tu-berlin.de/2.0/mod/assign/view.php?id=31523);View own submit assignment page.
17.12.2013 13:46;247835;assign view (https://www.isis.tu-berlin.de/2.0/mod/assign/view.php?id=31523);View own submission status page.
17.12.2013 13:45;247835;resource view (https://www.isis.tu-berlin.de/2.0/mod/resource/view.php?id=31199);Homework assignment 6
17.12.2013 13:45;247835;course view (https://www.isis.tu-berlin.de/2.0/course/view.php?id=661);[WiSe 13/14] Sprachkommunikation 
17.12.2013 13:41;247835;assign view (https://www.isis.tu-berlin.de/2.0/mod/assign/view.php?id=31523);View own submission status page.
17.12.2013 13:39;378654;assign view submit assignment form (https://www.isis.tu-berlin.de/2.0/mod/assign/view.php?id=31523);View own submit assignment page.
17.12.2013 13:39;378654;assign view (https://www.isis.tu-berlin.de/2.0/mod/assign/view.php?id=31523);View own submission status page.
17.12.2013 13:34;247835;assign view (https://www.isis.tu-berlin.de/2.0/mod/assign/view.php?id=31523);View own submission status page.
17.12.2013 13:30;378654;resource view (https://www.isis.tu-berlin.de/2.0/mod/resource/view.php?id=15993);Vorlesungsfolien Kapitel 7 (Teil 1)
17.12.2013 13:29;247835;resource view (https://www.isis.tu-berlin.de/2.0/mod/resource/view.php?id=22071);Vorlesunsgskript Sprachkommunikation (deutsch)
17.12.2013 13:29;247835;course view (https://www.isis.tu-berlin.de/2.0/course/view.php?id=661);[WiSe 13/14] Sprachkommunikation 
17.12.2013 13:29;251814;assign view (https://www.isis.tu-berlin.de/2.0/mod/assign/view.php?id=31523);View own submission status page.
17.12.2013 13:27;247835;assign view (https://www.isis.tu-berlin.de/2.0/mod/assign/view.php?id=31523);View own submission status page.
17.12.2013 13:26;251814;course view (https://www.isis.tu-berlin.de/2.0/course/view.php?id=661);[WiSe 13/14] Sprachkommunikation 
17.12.2013 13:14;247835;assign view (https://www.isis.tu-berlin.de/2.0/mod/assign/view.php?id=31523);View own submission status page.
17.12.2013 13:14;247835;assign view (https://www.isis.tu-berlin.de/2.0/mod/assign/view.php?id=31523);View own submission status page.
17.12.2013 13:14;247835;course view (https://www.isis.tu-berlin.de/2.0/course/view.php?id=661);[WiSe 13/14] Sprachkommunikation 
17.12.2013 13:14;247835;resource view (https://www.isis.tu-berlin.de/2.0/mod/resource/view.php?id=31199);Homework assignment 6
17.12.2013 13:14;268318;resource view (https://www.isis.tu-berlin.de/2.0/mod/resource/view.php?id=29856);Script for the Lecture Speech Communication (english)
17.12.2013 13:14;268318;course view (https://www.isis.tu-berlin.de/2.0/course/view.php?id=661);[WiSe 13/14] Sprachkommunikation 
17.12.2013 13:14;268318;resource view (https://www.isis.tu-berlin.de/2.0/mod/resource/view.php?id=22071);Vorlesunsgskript Sprachkommunikation (deutsch)
17.12.2013 13:13;268318;course view (https://www.isis.tu-berlin.de/2.0/course/view.php?id=661);[WiSe 13/14] Sprachkommunikation 
17.12.2013 13:13;268318;resource view (https://www.isis.tu-berlin.de/2.0/mod/resource/view.php?id=31199);Homework assignment 6
17.12.2013 13:09;576228;assign view (https://www.isis.tu-berlin.de/2.0/mod/assign/view.php?id=31523);View own submission status page.
17.12.2013 13:09;576228;assign submit (https://www.isis.tu-berlin.de/2.0/mod/assign/view.php?id=31523);Submission status: Submitted for grading. The number of file(s) : 1 file(s).
17.12.2013 13:08;378654;resource view (https://www.isis.tu-berlin.de/2.0/mod/resource/view.php?id=29841);Slides from the Lecture Chapter 6 (Part 1)
17.12.2013 13:08;576228;assign view submit assignment form (https://www.isis.tu-berlin.de/2.0/mod/assign/view.php?id=31523);View own submit assignment page.
17.12.2013 13:08;576228;assign view (https://www.isis.tu-berlin.de/2.0/mod/assign/view.php?id=31523);View own submission status page.
17.12.2013 13:07;576228;course view (https://www.isis.tu-berlin.de/2.0/course/view.php?id=661);[WiSe 13/14] Sprachkommunikation 
17.12.2013 13:07;378654;resource view (https://www.isis.tu-berlin.de/2.0/mod/resource/view.php?id=30945);Slides from the Lecture Chapter 6 (Part 2)
17.12.2013 13:07;378654;course view (https://www.isis.tu-berlin.de/2.0/course/view.php?id=661);[WiSe 13/14] Sprachkommunikation 
17.12.2013 13:02;378654;assign view (https://www.isis.tu-berlin.de/2.0/mod/assign/view.php?id=31523);View own submission status page.
17.12.2013 13:01;378654;course view (https://www.isis.tu-berlin.de/2.0/course/view.php?id=661);[WiSe 13/14] Sprachkommunikation 
17.12.2013 13:01;378654;resource view (https://www.isis.tu-berlin.de/2.0/mod/resource/view.php?id=33434);Homework 7
17.12.2013 13:01;378654;course view (https://www.isis.tu-berlin.de/2.0/course/view.php?id=661);[WiSe 13/14] Sprachkommunikation 
17.12.2013 13:01;967490;resource view (https://www.isis.tu-berlin.de/2.0/mod/resource/view.php?id=33434);Homework 7
17.12.2013 12:59;967490;course view (https://www.isis.tu-berlin.de/2.0/course/view.php?id=661);[WiSe 13/14] Sprachkommunikation 
17.12.2013 12:41;251814;resource view (https://www.isis.tu-berlin.de/2.0/mod/resource/view.php?id=30460);Files for Homework_05
17.12.2013 12:41;251814;resource view (https://www.isis.tu-berlin.de/2.0/mod/resource/view.php?id=30117);Homework assignment 5
17.12.2013 12:41;247835;resource view (https://www.isis.tu-berlin.de/2.0/mod/resource/view.php?id=31155);satz.wav
17.12.2013 12:41;251814;course view (https://www.isis.tu-berlin.de/2.0/course/view.php?id=661);[WiSe 13/14] Sprachkommunikation 
17.12.2013 12:41;247835;course view (https://www.isis.tu-berlin.de/2.0/course/view.php?id=661);[WiSe 13/14] Sprachkommunikation 
17.12.2013 12:38;794509;assign view (https://www.isis.tu-berlin.de/2.0/mod/assign/view.php?id=31523);View own submission status page.
17.12.2013 12:38;794509;assign submit (https://www.isis.tu-berlin.de/2.0/mod/assign/view.php?id=31523);Submission status: Submitted for grading. The number of file(s) : 1 file(s).
17.12.2013 12:38;794509;assign view submit assignment form (https://www.isis.tu-berlin.de/2.0/mod/assign/view.php?id=31523);View own submit assignment page.
17.12.2013 12:38;794509;assign view (https://www.isis.tu-berlin.de/2.0/mod/assign/view.php?id=31523);View own submission status page.
17.12.2013 12:36;794509;course view (https://www.isis.tu-berlin.de/2.0/course/view.php?id=661);[WiSe 13/14] Sprachkommunikation 
17.12.2013 12:35;251814;assign view (https://www.isis.tu-berlin.de/2.0/mod/assign/view.php?id=31523);View own submission status page.
17.12.2013 12:35;251814;assign submit (https://www.isis.tu-berlin.de/2.0/mod/assign/view.php?id=31523);Submission status: Submitted for grading. The number of file(s) : 1 file(s).
17.12.2013 12:34;747872;course view (https://www.isis.tu-berlin.de/2.0/course/view.php?id=661);[WiSe 13/14] Sprachkommunikation 
17.12.2013 12:34;247835;assign view (https://www.isis.tu-berlin.de/2.0/mod/assign/view.php?id=31523);View own submission status page.
17.12.2013 12:34;251814;assign view submit assignment form (https://www.isis.tu-berlin.de/2.0/mod/assign/view.php?id=31523);View own submit assignment page.
17.12.2013 12:33;268318;resource view (https://www.isis.tu-berlin.de/2.0/mod/resource/view.php?id=31199);Homework assignment 6
17.12.2013 12:33;251814;assign view (https://www.isis.tu-berlin.de/2.0/mod/assign/view.php?id=31523);View own submission status page.
17.12.2013 12:33;268318;course view (https://www.isis.tu-berlin.de/2.0/course/view.php?id=661);[WiSe 13/14] Sprachkommunikation 
17.12.2013 12:33;251814;course view (https://www.isis.tu-berlin.de/2.0/course/view.php?id=661);[WiSe 13/14] Sprachkommunikation 
17.12.2013 12:32;747872;resource view (https://www.isis.tu-berlin.de/2.0/mod/resource/view.php?id=33434);Homework 7
17.12.2013 12:32;747872;course view (https://www.isis.tu-berlin.de/2.0/course/view.php?id=661);[WiSe 13/14] Sprachkommunikation 
17.12.2013 12:28;794509;resource view (https://www.isis.tu-berlin.de/2.0/mod/resource/view.php?id=33434);Homework 7
17.12.2013 12:28;794509;course view (https://www.isis.tu-berlin.de/2.0/course/view.php?id=661);[WiSe 13/14] Sprachkommunikation 
17.12.2013 12:28;251814;resource view (https://www.isis.tu-berlin.de/2.0/mod/resource/view.php?id=33434);Homework 7
17.12.2013 12:25;983015;course view (https://www.isis.tu-berlin.de/2.0/course/view.php?id=661);[WiSe 13/14] Sprachkommunikation 
17.12.2013 12:25;983015;hotpot view (https://www.isis.tu-berlin.de/2.0/mod/hotpot/view.php?id=32533);Midterm Exam (One Try Only!)
17.12.2013 12:24;983015;course view (https://www.isis.tu-berlin.de/2.0/course/view.php?id=661);[WiSe 13/14] Sprachkommunikation 
17.12.2013 12:24;983015;resource view (https://www.isis.tu-berlin.de/2.0/mod/resource/view.php?id=31827);Exercise 7
17.12.2013 12:24;983015;course view (https://www.isis.tu-berlin.de/2.0/course/view.php?id=661);[WiSe 13/14] Sprachkommunikation 
17.12.2013 12:21;251814;course view (https://www.isis.tu-berlin.de/2.0/course/view.php?id=661);[WiSe 13/14] Sprachkommunikation 
17.12.2013 12:21;507245;resource view (https://www.isis.tu-berlin.de/2.0/mod/resource/view.php?id=33434);Homework 7
17.12.2013 12:20;507245;course view (https://www.isis.tu-berlin.de/2.0/course/view.php?id=661);[WiSe 13/14] Sprachkommunikation 
17.12.2013 12:16;576228;resource view (https://www.isis.tu-berlin.de/2.0/mod/resource/view.php?id=31155);satz.wav
17.12.2013 12:16;576228;course view (https://www.isis.tu-berlin.de/2.0/course/view.php?id=661);[WiSe 13/14] Sprachkommunikation 
17.12.2013 12:13;630272;resource view (https://www.isis.tu-berlin.de/2.0/mod/resource/view.php?id=33434);Homework 7
17.12.2013 12:12;576228;resource view (https://www.isis.tu-berlin.de/2.0/mod/resource/view.php?id=31155);satz.wav
17.12.2013 12:11;576228;course view (https://www.isis.tu-berlin.de/2.0/course/view.php?id=661);[WiSe 13/14] Sprachkommunikation 
17.12.2013 12:11;576228;resource view (https://www.isis.tu-berlin.de/2.0/mod/resource/view.php?id=31155);satz.wav
17.12.2013 12:11;801650;assign view (https://www.isis.tu-berlin.de/2.0/mod/assign/view.php?id=31523);View own submission status page.
17.12.2013 12:10;801650;resource view (https://www.isis.tu-berlin.de/2.0/mod/resource/view.php?id=31320);Solutions for exercise 6
17.12.2013 12:09;801650;course view (https://www.isis.tu-berlin.de/2.0/course/view.php?id=661);[WiSe 13/14] Sprachkommunikation 
17.12.2013 12:03;967490;assign submit (https://www.isis.tu-berlin.de/2.0/mod/assign/view.php?id=31523);Submission status: Submitted for grading. The number of file(s) : 1 file(s).
17.12.2013 12:03;967490;assign view (https://www.isis.tu-berlin.de/2.0/mod/assign/view.php?id=31523);View own submission status page.
17.12.2013 12:02;967490;assign view submit assignment form (https://www.isis.tu-berlin.de/2.0/mod/assign/view.php?id=31523);View own submit assignment page.
17.12.2013 12:02;967490;assign view (https://www.isis.tu-berlin.de/2.0/mod/assign/view.php?id=31523);View own submission status page.
17.12.2013 12:02;967490;course view (https://www.isis.tu-berlin.de/2.0/course/view.php?id=661);[WiSe 13/14] Sprachkommunikation 
17.12.2013 12:02;967490;hotpot view (https://www.isis.tu-berlin.de/2.0/mod/hotpot/view.php?id=32533);Midterm Exam (One Try Only!)
17.12.2013 12:02;967490;course view (https://www.isis.tu-berlin.de/2.0/course/view.php?id=661);[WiSe 13/14] Sprachkommunikation 
17.12.2013 11:54;893721;assign view (https://www.isis.tu-berlin.de/2.0/mod/assign/view.php?id=31523);View own submission status page.
17.12.2013 11:54;893721;assign submit (https://www.isis.tu-berlin.de/2.0/mod/assign/view.php?id=31523);Submission status: Submitted for grading. The number of file(s) : 1 file(s).
17.12.2013 11:54;893721;assign view submit assignment form (https://www.isis.tu-berlin.de/2.0/mod/assign/view.php?id=31523);View own submit assignment page.
17.12.2013 11:53;983015;resource view (https://www.isis.tu-berlin.de/2.0/mod/resource/view.php?id=33434);Homework 7
17.12.2013 11:53;893721;assign view (https://www.isis.tu-berlin.de/2.0/mod/assign/view.php?id=31523);View own submission status page.
17.12.2013 11:53;983015;resource view (https://www.isis.tu-berlin.de/2.0/mod/resource/view.php?id=33435);Material for homework 7
17.12.2013 11:53;983015;course view (https://www.isis.tu-berlin.de/2.0/course/view.php?id=661);[WiSe 13/14] Sprachkommunikation 
17.12.2013 11:53;893721;course view (https://www.isis.tu-berlin.de/2.0/course/view.php?id=661);[WiSe 13/14] Sprachkommunikation 
17.12.2013 11:53;983015;resource view (https://www.isis.tu-berlin.de/2.0/mod/resource/view.php?id=33434);Homework 7
17.12.2013 11:53;983015;course view (https://www.isis.tu-berlin.de/2.0/course/view.php?id=661);[WiSe 13/14] Sprachkommunikation 
17.12.2013 11:44;630272;course view (https://www.isis.tu-berlin.de/2.0/course/view.php?id=661);[WiSe 13/14] Sprachkommunikation 
17.12.2013 11:44;630272;assign view (https://www.isis.tu-berlin.de/2.0/mod/assign/view.php?id=31523);View own submission status page.
17.12.2013 11:44;630272;assign submit (https://www.isis.tu-berlin.de/2.0/mod/assign/view.php?id=31523);Submission status: Submitted for grading. The number of file(s) : 1 file(s).
17.12.2013 11:44;630272;assign view submit assignment form (https://www.isis.tu-berlin.de/2.0/mod/assign/view.php?id=31523);View own submit assignment page.
17.12.2013 11:43;786144;resource view (https://www.isis.tu-berlin.de/2.0/mod/resource/view.php?id=31320);Solutions for exercise 6
17.12.2013 11:40;786144;resource view (https://www.isis.tu-berlin.de/2.0/mod/resource/view.php?id=31320);Solutions for exercise 6
17.12.2013 11:40;630272;assign view (https://www.isis.tu-berlin.de/2.0/mod/assign/view.php?id=31523);View own submission status page.
17.12.2013 11:40;786144;resource view (https://www.isis.tu-berlin.de/2.0/mod/resource/view.php?id=31828);Material for exercise 7
17.12.2013 11:40;630272;course view (https://www.isis.tu-berlin.de/2.0/course/view.php?id=661);[WiSe 13/14] Sprachkommunikation 
17.12.2013 11:40;630272;resource view (https://www.isis.tu-berlin.de/2.0/mod/resource/view.php?id=31827);Exercise 7
17.12.2013 11:40;630272;resource view (https://www.isis.tu-berlin.de/2.0/mod/resource/view.php?id=33435);Material for homework 7
17.12.2013 11:40;786144;resource view (https://www.isis.tu-berlin.de/2.0/mod/resource/view.php?id=22408);Solution to the exercises from the Matlab instruction
17.12.2013 11:40;630272;course view (https://www.isis.tu-berlin.de/2.0/course/view.php?id=661);[WiSe 13/14] Sprachkommunikation 
17.12.2013 11:39;786144;course view (https://www.isis.tu-berlin.de/2.0/course/view.php?id=661);[WiSe 13/14] Sprachkommunikation 
17.12.2013 11:39;630272;resource view (https://www.isis.tu-berlin.de/2.0/mod/resource/view.php?id=33434);Homework 7
17.12.2013 11:39;630272;course view (https://www.isis.tu-berlin.de/2.0/course/view.php?id=661);[WiSe 13/14] Sprachkommunikation 
17.12.2013 11:39;630272;forum view forum (https://www.isis.tu-berlin.de/2.0/mod/forum/view.php?id=22686);Forum for discussion
17.12.2013 11:39;630272;course view (https://www.isis.tu-berlin.de/2.0/course/view.php?id=661);[WiSe 13/14] Sprachkommunikation 
17.12.2013 11:39;630272;forum view forum (https://www.isis.tu-berlin.de/2.0/mod/forum/view.php?id=16065);Forum
17.12.2013 11:38;630272;course view (https://www.isis.tu-berlin.de/2.0/course/view.php?id=661);[WiSe 13/14] Sprachkommunikation 
17.12.2013 11:37;983015;resource view (https://www.isis.tu-berlin.de/2.0/mod/resource/view.php?id=31199);Homework assignment 6
17.12.2013 11:37;983015;course view (https://www.isis.tu-berlin.de/2.0/course/view.php?id=661);[WiSe 13/14] Sprachkommunikation 
17.12.2013 11:36;983015;resource view (https://www.isis.tu-berlin.de/2.0/mod/resource/view.php?id=33434);Homework 7
17.12.2013 11:36;983015;course view (https://www.isis.tu-berlin.de/2.0/course/view.php?id=661);[WiSe 13/14] Sprachkommunikation 
17.12.2013 11:14;576228;resource view (https://www.isis.tu-berlin.de/2.0/mod/resource/view.php?id=31199);Homework assignment 6
17.12.2013 11:13;576228;course view (https://www.isis.tu-berlin.de/2.0/course/view.php?id=661);[WiSe 13/14] Sprachkommunikation 
17.12.2013 11:13;666633;resource view (https://www.isis.tu-berlin.de/2.0/mod/resource/view.php?id=31320);Solutions for exercise 6
17.12.2013 11:12;666633;course view (https://www.isis.tu-berlin.de/2.0/course/view.php?id=661);[WiSe 13/14] Sprachkommunikation 
17.12.2013 11:12;666633;assign view (https://www.isis.tu-berlin.de/2.0/mod/assign/view.php?id=30118);View own submission status page.
17.12.2013 11:12;666633;course view (https://www.isis.tu-berlin.de/2.0/course/view.php?id=661);[WiSe 13/14] Sprachkommunikation 
17.12.2013 10:43;906965;resource view (https://www.isis.tu-berlin.de/2.0/mod/resource/view.php?id=15993);Vorlesungsfolien Kapitel 7 (Teil 1)
17.12.2013 10:43;906965;resource view (https://www.isis.tu-berlin.de/2.0/mod/resource/view.php?id=33435);Material for homework 7
17.12.2013 10:43;906965;resource view (https://www.isis.tu-berlin.de/2.0/mod/resource/view.php?id=33434);Homework 7
